mcc,mnc,lac,cellid,lat,lon,signal,measured_at,rating,speed,direction,act,ta,psc,tac,pci,sid,nid,bid
405,855,5,4870848512,26.1894999,91.7020711,-115,1790410367345,9.4,0.94452906,82.494896,5G(SA),,,,,,,
405,855,5,4870848512,26.1894899,91.7021139,-106,1790410371871,9.8,0.8762357,144.066,5G(SA),,,,,,,
405,855,5,4870848512,26.1894453,91.7021029,-95,1790410376765,10.9,0.9690196,166.76129,5G(SA),,,,,,,
405,855,5,4870848512,26.1894103,91.7020289,-90,1790410381551,7.5,1.1250023,161.42207,5G(SA),,,,,,,
405,855,5,4870848512,26.1893801,91.7020879,-87,1790410386445,4.8,0.980075,131.4734,5G(SA),,,,,,,
405,855,5,4870848512,26.1893581,91.7021304,-87,1790410391010,5.5,0.86675924,168.98596,5G(SA),,,,,,,
405,855,5,4870848512,26.1893211,91.7021699,-94,1790410395746,5.7,0.93947786,116.1674,5G(SA),,,,,,,
405,855,5,4870848512,26.1893394,91.7021936,-94,1790410400730,5.5,0.89546144,38.215397,5G(SA),,,,,,,
405,855,5,4870848512,26.1893472,91.7022118,-90,1790410405526,5.4,1.0073282,53.896362,5G(SA),,,,,,,
405,855,5,4870848512,26.189387,91.7022664,-83,1790410410549,4.9,1.1094189,39.30916,5G(SA),,,,,,,
405,855,5,4870848512,26.1894319,91.7023108,-83,1790410415344,5.2,1.1105549,40.1168,5G(SA),,,,,,,
405,855,5,4870848512,26.1894714,91.7023559,-91,1790410419950,5.0,1.080096,38.74845,5G(SA),,,,,,,
405,855,5,4870848512,26.1894963,91.7024207,-92,1790410424665,4.2,1.1536177,54.404133,5G(SA),,,,,,,
405,855,5,4870848512,26.1895066,91.7025006,-92,1790410429669,3.1,1.1383945,76.3695,5G(SA),,,,,,,
405,855,5,4870848512,26.1895154,91.7025695,-103,1790410434465,3.2,1.0242175,73.48068,5G(SA),,,,,,,
405,855,5,4870848512,26.1895226,91.7026177,-103,1790410438989,4.4,1.0528682,71.36735,5G(SA),,,,,,,
405,855,5,4870848512,26.189553,91.7026734,-105,1790410444025,5.9,1.0149106,69.687065,5G(SA),,,,,,,
405,855,5,4870848512,26.1895584,91.7026635,-105,1790410448570,5.8,0.8711991,250.06734,5G(SA),,,,,,,
405,855,5,4870848512,26.1895499,91.7026217,-101,1790410453465,5.4,1.0630037,265.04254,5G(SA),,,,,,,
405,855,5,4870848512,26.1895891,91.7025562,-101,1790410458009,6.9,1.0638126,286.52505,5G(SA),,,,,,,
405,855,5,4870848512,26.1895707,91.702505,-101,1790410462626,6.4,0.99501216,274.24277,5G(SA),,,,,,,
405,855,5,4870848512,26.1895835,91.7024498,-101,1790410467650,7.4,1.0206058,279.8245,5G(SA),,,,,,,
405,855,5,4870848512,26.1896242,91.7024294,-101,1790410472585,6.5,1.0934405,5.652023,5G(SA),,,,,,,
405,855,5,4870848512,26.1896749,91.7024371,-96,1790410477469,6.6,0.993046,12.895977,5G(SA),,,,,,,
405,855,5,4870848512,26.1897246,91.7024592,-83,1790410482008,6.4,1.0581863,8.975006,5G(SA),,,,,,,
405,855,5,4870848512,26.1897749,91.7024726,-83,1790410486769,5.2,1.1171237,9.844233,5G(SA),,,,,,,
405,855,5,4870848512,26.1898197,91.7024719,-95,1790410491704,4.9,1.0819703,9.841468,5G(SA),,,,,,,
405,855,5,4870848512,26.189855,91.7024695,-97,1790410496669,5.0,1.0238545,71.41803,5G(SA),,,,,,,
405,855,5,4870848512,26.1898376,91.7025218,-98,1790410501444,5.3,1.1084788,93.54323,5G(SA),,,,,,,
405,855,5,4870848512,26.1898369,91.7025741,-98,1790410506009,6.7,1.0370995,88.87137,5G(SA),,,,,,,
405,855,5,4870848512,26.1898144,91.7026124,-100,1790410510585,7.1,1.1310102,86.627426,5G(SA),,,,,,,
405,855,5,4870848512,26.1898162,91.7026386,-100,1790410515788,7.1,0.8062899,102.42641,5G(SA),,,,,,,
405,855,5,4870848512,26.1898045,91.7026421,-97,1790410520403,9.0,0.84348863,306.87848,5G(SA),,,,,,,
405,855,5,4870848512,26.1897949,91.7026031,-97,1790410525009,7.4,1.1173251,281.8355,5G(SA),,,,,,,
405,855,5,4870848512,26.1897931,91.702535,-97,1790410529924,8.9,1.0971767,268.87646,5G(SA),,,,,,,
405,855,5,4870848512,26.1897108,91.7024612,-96,1790410534788,7.2,1.071883,237.96446,5G(SA),,,,,,,
405,855,5,4870848512,26.1896924,91.7024113,-96,1790410539672,6.4,1.0676342,238.81099,5G(SA),,,,,,,
405,855,5,4870848512,26.1896491,91.7023523,-100,1790410544308,6.8,1.1398362,245.29932,5G(SA),,,,,,,
405,855,5,4870848512,26.1896382,91.7022992,-87,1790410549009,7.5,1.2041056,248.83954,5G(SA),,,,,,,
405,855,5,4870848512,26.18965,91.7022545,-88,1790410553947,9.2,1.1752268,240.65909,5G(SA),,,,,,,
405,855,5,4870848512,26.189604,91.7022188,-93,1790410558583,6.4,1.1211565,244.83134,5G(SA),,,,,,,
405,855,5,4870848512,26.1896041,91.7021806,-89,1790410563209,6.9,1.0864418,252.56932,5G(SA),,,,,,,
405,855,5,4870848512,26.1896382,91.702153,-89,1790410567884,6.3,1.0896469,329.70074,5G(SA),,,,,,,
405,855,5,4870848512,26.189695,91.7021448,-102,1790410572430,7.1,1.1399356,344.8379,5G(SA),,,,,,,
405,855,5,4870848512,26.1897655,91.7021786,-102,1790410577009,7.3,1.1879635,353.2825,5G(SA),,,,,,,
405,855,5,4870848512,26.1898033,91.7021903,-99,1790410581970,6.4,1.1033821,65.669174,5G(SA),,,,,,,
405,855,5,4870848512,26.1898235,91.7022388,-97,1790410586544,6.5,1.1341949,70.535225,5G(SA),,,,,,,
405,855,5,4870848512,26.1898589,91.7022694,-83,1790410591570,5.3,1.0737885,64.65982,5G(SA),,,,,,,
405,855,5,4870848512,26.1898876,91.7022943,-93,1790410596464,5.1,0.88477093,54.10719,5G(SA),,,,,,,
405,855,5,4870848512,26.1899158,91.7023328,-94,1790410601008,5.8,1.0457577,55.831078,5G(SA),,,,,,,
405,855,5,4870848512,26.1899385,91.7023692,-94,1790410605575,6.6,1.0486162,56.85094,5G(SA),,,,,,,
405,855,5,4870848512,26.1899578,91.7024121,-94,1790410610210,5.9,1.1054517,59.653484,5G(SA),,,,,,,
405,855,5,4870848512,26.1899807,91.7024651,-102,1790410615006,6.5,1.1710283,66.22986,5G(SA),,,,,,,
405,855,5,4870848512,26.1899715,91.7025131,-102,1790410619910,6.2,1.1573639,76.11612,5G(SA),,,,,,,
405,855,5,4870848512,26.1899777,91.7025703,-97,1790410624744,7.4,1.121196,87.150024,5G(SA),,,,,,,
405,855,5,4870848512,26.1899647,91.7025355,-97,1790410629291,6.3,0.95977706,242.68433,5G(SA),,,,,,,
405,855,5,4870848512,26.1899473,91.7024756,-104,1790410634046,4.2,1.0469216,260.79108,5G(SA),,,,,,,
405,855,5,4870848512,26.189939,91.7024082,-104,1790410639010,4.4,1.0765247,265.41513,5G(SA),,,,,,,
405,855,5,4870848512,26.1899342,91.7023526,-107,1790410643923,5.7,1.0558653,270.19214,5G(SA),,,,,,,
405,855,5,4870848512,26.1899376,91.7022987,-107,1790410648689,7.2,1.135164,308.97217,5G(SA),,,,,,,
405,855,5,4870848512,26.1899695,91.7022851,-101,1790410653325,7.0,1.063896,347.27798,5G(SA),,,,,,,
405,855,5,4870848512,26.1900249,91.7022823,-101,1790410658008,7.4,1.1425108,355.87292,5G(SA),,,,,,,
405,855,5,4870848512,26.1900677,91.7022937,-107,1790410663008,6.1,1.0969406,351.64352,5G(SA),,,,,,,
405,855,5,4870848512,26.1901135,91.7022965,-107,1790410668008,5.3,1.1318723,355.11777,5G(SA),,,,,,,
405,855,5,4870848512,26.190151,91.702303,-111,1790410672873,5.3,1.0756533,18.832684,5G(SA),,,,,,,
405,855,5,4870848512,26.1901525,91.7023551,-111,1790410677508,4.9,1.128973,89.20787,5G(SA),,,,,,,
405,855,5,4870848512,26.1901389,91.7024037,-105,1790410682009,4.8,1.0847192,87.34768,5G(SA),,,,,,,
405,855,5,4870848512,26.1901308,91.7024494,-103,1790410686829,4.9,1.0392036,82.818924,5G(SA),,,,,,,
405,855,5,4870848512,26.1901206,91.7024896,-90,1790410691762,5.2,1.0229002,103.064926,5G(SA),,,,,,,
405,855,5,4870848512,26.1901222,91.7025253,-92,1790410696488,4.7,0.9798518,26.88472,5G(SA),,,,,,,
405,855,5,4870848512,26.1901337,91.7024672,-92,1790410701008,4.1,1.0638702,277.3107,5G(SA),,,,,,,
405,855,5,4870848512,26.1901365,91.7024027,-101,1790410705809,4.4,1.1028173,278.61792,5G(SA),,,,,,,
405,855,5,4870848512,26.1901305,91.7023483,-101,1790410710664,4.8,1.1309305,265.60977,5G(SA),,,,,,,
405,855,5,4870848512,26.1901154,91.7022973,-108,1790410715369,4.7,1.1174546,263.50638,5G(SA),,,,,,,
405,855,5,4870848512,26.1901064,91.7022513,-108,1790410720008,5.0,1.110672,257.13116,5G(SA),,,,,,,
405,855,5,4870848512,26.1901001,91.7022085,-106,1790410724570,4.9,1.0848407,256.54086,5G(SA),,,,,,,
405,855,5,4870848512,26.190096,91.7021704,-91,1790410729424,5.1,1.015899,258.1998,5G(SA),,,,,,,
405,855,5,4870848512,26.1900801,91.7021445,-100,1790410734009,5.0,1.0782192,252.6119,5G(SA),,,,,,,
405,855,5,4870848512,26.1900722,91.7021051,-100,1790410738824,5.2,1.0765225,254.03954,5G(SA),,,,,,,
405,855,5,4870848512,26.1900784,91.7020625,-94,1790410744009,5.9,1.1055195,239.43181,5G(SA),,,,,,,
405,855,5,4870848512,26.1900402,91.7020708,-94,1790410748523,5.2,0.9743862,167.15582,5G(SA),,,,,,,
405,855,5,4870848512,26.1900028,91.7020991,-104,1790410753169,5.8,1.1698292,154.59401,5G(SA),,,,,,,
405,855,5,4870848512,26.1899452,91.7021056,-104,1790410758008,6.0,1.0431699,167.72635,5G(SA),,,,,,,
405,855,5,4870848512,26.1898913,91.7020974,-104,1790410763007,5.6,0.9903019,172.26787,5G(SA),,,,,,,
405,855,5,4870848512,26.1898219,91.7021123,-102,1790410767833,5.4,1.093498,159.7069,5G(SA),,,,,,,
405,855,5,4870848512,26.189768,91.7021215,-102,1790410772747,6.5,1.0904167,172.86142,5G(SA),,,,,,,
405,855,5,4870848512,26.1897329,91.7021058,-99,1790410777572,7.0,1.1010262,177.80469,5G(SA),,,,,,,
405,855,5,4870848512,26.1896978,91.7020911,-102,1790410782287,6.2,1.1336621,186.15213,5G(SA),,,,,,,
405,855,5,4870848512,26.1896701,91.7020602,-96,1790410787042,5.4,1.0661718,239.78522,5G(SA),,,,,,,
405,855,5,4870848512,26.1896703,91.7020245,-96,1790410792006,6.7,1.1056231,255.92917,5G(SA),,,,,,,
405,855,5,4870848512,26.1896168,91.7019631,-115,1790410796671,8.7,1.20113,233.17534,5G(SA),,,,,,,
405,855,5,4870848512,26.1896589,91.7019072,-115,1790410801525,7.4,1.0163304,268.29175,5G(SA),,,,,,,
405,855,5,4870848512,26.1897444,91.7019259,-116,1790410806550,5.8,0.9663075,20.432693,5G(SA),,,,,,,
405,855,5,4870848512,26.1897704,91.7019198,-116,1790410811086,3.2,0.8364387,312.40283,5G(SA),,,,,,,
405,855,5,4870848512,26.1897592,91.7018796,-116,1790410815612,3.0,0.94949085,219.27411,5G(SA),,,,,,,
405,855,5,4870848512,26.189718,91.7018577,-107,1790410820367,3.0,1.0050329,255.09947,5G(SA),,,,,,,
405,855,5,4870848512,26.189718,91.7018107,-107,1790410825007,3.3,1.066217,277.43512,5G(SA),,,,,,,
405,855,5,4870848512,26.1897139,91.7017529,-111,1790410829866,4.5,1.0810347,266.13614,5G(SA),,,,,,,
405,855,5,4870848512,26.1897232,91.7017105,-107,1790410834671,5.1,1.0778009,292.69083,5G(SA),,,,,,,
405,855,5,4870848512,26.1897705,91.7017115,-99,1790410839407,5.3,1.0847737,2.2663066,5G(SA),,,,,,,
405,855,5,4870848512,26.1898173,91.7017275,-99,1790410844007,4.9,1.1172124,6.357222,5G(SA),,,,,,,
405,855,5,4870848512,26.1898623,91.7017409,-102,1790410848987,5.0,1.0755302,3.496256,5G(SA),,,,,,,
405,855,5,4870848512,26.1899041,91.7017369,-102,1790410853691,5.5,1.0964575,357.5217,5G(SA),,,,,,,
405,855,5,4870848512,26.1899434,91.7016883,-102,1790410858467,5.4,1.1379697,348.00473,5G(SA),,,,,,,
405,855,5,4870848512,26.1899629,91.7016484,-102,1790410863008,5.1,1.0715045,338.25598,5G(SA),,,,,,,
405,855,5,4870848512,26.1899753,91.7016303,-102,1790410867907,5.4,1.0901794,335.92706,5G(SA),,,,,,,
405,855,5,4870848512,26.1899847,91.7016178,-97,1790410872831,3.9,1.0257736,321.69986,5G(SA),,,,,,,
405,855,5,4870848512,26.1899493,91.7015671,-88,1790410877665,3.7,1.0344131,228.1947,5G(SA),,,,,,,
405,855,5,4870848512,26.189917,91.7015295,-91,1790410882330,4.5,1.0859089,261.28705,5G(SA),,,,,,,
405,855,5,4870848512,26.1898893,91.7014762,-97,1790410887008,5.6,0.99555224,252.40944,5G(SA),,,,,,,
405,855,5,4870848512,26.189872,91.7014233,-97,1790410891970,5.9,0.9890219,250.07304,5G(SA),,,,,,,
405,855,5,4870848512,26.1898553,91.7013717,-106,1790410896785,5.4,0.9961974,249.68669,5G(SA),,,,,,,
405,855,5,4870848512,26.1898454,91.7013263,-106,1790410901649,4.9,0.98959035,254.42096,5G(SA),,,,,,,
405,855,5,4870848512,26.1898229,91.701263,-86,1790410906822,4.9,1.1297925,255.39925,5G(SA),,,,,,,
405,855,5,4870848512,26.189802,91.7011965,-92,1790410911727,6.0,1.168719,260.4662,5G(SA),,,,,,,
405,855,5,4870848512,26.1897836,91.7011362,-94,1790410916752,6.8,1.039725,250.08498,5G(SA),,,,,,,
405,855,5,4870848512,26.1897723,91.7011042,-94,1790410921725,7.5,1.0156642,103.68589,5G(SA),,,,,,,
405,855,5,4870848512,26.1897747,91.7011643,-93,1790410926671,6.6,0.95855516,60.30637,5G(SA),,,,,,,
405,855,5,4870848512,26.1897864,91.7012192,-87,1790410931484,6.1,0.9719545,67.478905,5G(SA),,,,,,,
405,855,5,4870848512,26.1898002,91.7012776,-87,1790410936008,6.7,1.1087372,76.151436,5G(SA),,,,,,,
405,855,5,4870848512,26.189812,91.7013353,-94,1790410940786,7.7,1.1421643,74.27296,5G(SA),,,,,,,
405,855,5,4870848512,26.1897889,91.7013733,-94,1790410945730,8.5,1.1294047,132.00244,5G(SA),,,,,,,
405,855,5,4870848512,26.1897325,91.7014061,-98,1790410950504,9.5,1.1631423,149.52484,5G(SA),,,,,,,
405,855,5,4870848512,26.1896853,91.7014313,-98,1790410955008,9.8,1.2184589,144.09308,5G(SA),,,,,,,
405,855,5,4870848512,26.1896457,91.7014539,-102,1790410959527,10.2,1.1958848,144.74188,5G(SA),,,,,,,
405,855,5,4870848512,26.1895947,91.7014699,-102,1790410964271,9.3,1.1663336,154.47966,5G(SA),,,,,,,
405,855,5,4870848512,26.1895687,91.7014195,-99,1790410968987,8.3,1.0608673,260.11722,5G(SA),,,,,,,
405,855,5,4870848512,26.1895685,91.7013396,-99,1790410973871,7.2,1.0440816,257.0181,5G(SA),,,,,,,
405,855,5,4870848512,26.189563,91.7012911,-94,1790410978786,7.0,1.0202769,252.43472,5G(SA),,,,,,,
405,855,5,4870848512,26.1895483,91.7012319,-94,1790410983790,7.5,1.0529854,268.33563,5G(SA),,,,,,,
405,855,5,4870848512,26.1895682,91.7011708,-93,1790410988824,7.5,1.0439054,269.7756,5G(SA),,,,,,,
405,855,5,4870848512,26.1895623,91.7011733,-93,1790410993389,8.3,1.0356814,163.46788,5G(SA),,,,,,,
405,855,5,4918149121,26.189578,91.701245,-96,1790410998008,10.9,1.1628946,84.30463,5G(SA),,,,,,,
405,855,5,4918149121,26.1896248,91.7013048,-96,1790411003009,9.7,1.0065099,84.135445,5G(SA),,,,,,,
405,855,5,4870848512,26.1896668,91.7013321,-92,1790411007783,8.6,1.0387226,48.60153,5G(SA),,,,,,,
405,855,5,4870848512,26.1897026,91.7013763,-92,1790411012647,8.8,1.0680643,54.884308,5G(SA),,,,,,,
405,855,5,4870848512,26.1897025,91.7014376,-94,1790411017533,8.5,0.9771853,65.68858,5G(SA),,,,,,,
405,855,5,4870848512,26.1897168,91.7015027,-95,1790411022327,8.4,1.1963416,75.32508,5G(SA),,,,,,,
405,855,5,4870848512,26.1897484,91.7015481,-95,1790411026883,8.5,1.1486732,64.03085,5G(SA),,,,,,,
405,855,5,4870848512,26.189729,91.7016017,-93,1790411031447,8.4,1.1230505,81.12757,5G(SA),,,,,,,
405,855,5,4870848512,26.1897083,91.7016527,-91,1790411036004,8.0,1.1776303,72.20197,5G(SA),,,,,,,
405,855,5,4870848512,26.1897055,91.7016797,-95,1790411040908,9.0,1.0776817,156.18391,5G(SA),,,,,,,
405,855,5,4870848512,26.1896783,91.7016885,-95,1790411045443,10.9,1.1893228,166.30637,5G(SA),,,,,,,
405,855,5,4870815745,26.1895878,91.7016673,-104,1790411050006,9.5,1.1935817,173.58492,5G(SA),,,,,,,
405,855,5,4870815745,26.1895351,91.7016456,-104,1790411055023,8.2,1.1203667,263.36942,5G(SA),,,,,,,
405,855,5,4870848512,26.1895555,91.7015715,-87,1790411059868,7.4,1.114292,268.6637,5G(SA),,,,,,,
405,855,5,4870848512,26.1895496,91.7015108,-87,1790411064693,7.6,1.1926109,270.9472,5G(SA),,,,,,,
405,855,5,4870848512,26.1895749,91.701447,-88,1790411069428,8.4,1.165954,282.09955,5G(SA),,,,,,,
405,855,5,4870848512,26.1895896,91.7014068,-88,1790411074006,7.9,1.0859883,280.11612,5G(SA),,,,,,,
405,855,5,4870848512,26.1895806,91.7013614,-103,1790411079036,5.8,1.1178751,275.03384,5G(SA),,,,,,,
405,855,5,4870848512,26.1895636,91.7013206,-103,1790411083613,5.3,1.1348269,270.55994,5G(SA),,,,,,,
405,855,5,4870848512,26.1895477,91.7012803,-89,1790411088446,4.7,1.1494864,269.31302,5G(SA),,,,,,,
405,855,5,4870848512,26.1895349,91.7012449,-84,1790411093023,4.0,0.9886032,268.73523,5G(SA),,,,,,,
405,855,5,4870848512,26.1894984,91.7012223,-80,1790411097528,6.2,1.1633335,223.4674,5G(SA),,,,,,,
405,855,5,4870848512,26.1894679,91.7012017,-76,1790411102064,8.2,1.1323445,206.67421,5G(SA),,,,,,,
405,855,5,4870848512,26.1894418,91.7012582,-76,1790411106848,11.0,1.1095854,109.12657,5G(SA),,,,,,,
405,855,5,4870848512,26.1893676,91.7013255,-83,1790411111564,9.5,1.14141,114.95059,5G(SA),,,,,,,
405,855,5,4870848512,26.1893603,91.7013899,-83,1790411116428,6.5,1.0783476,105.50092,5G(SA),,,,,,,
405,855,5,4870848512,26.1893566,91.7014439,-89,1790411121008,7.1,1.0942557,112.03823,5G(SA),,,,,,,
405,855,5,4870848512,26.1893393,91.7014675,-95,1790411126007,7.9,1.1142551,187.90738,5G(SA),,,,,,,
405,855,5,4870848512,26.1893125,91.7014828,-96,1790411130871,7.7,1.1095213,176.10362,5G(SA),,,,,,,
405,855,5,4870848512,26.1892825,91.7015098,-96,1790411135666,7.5,1.0575871,168.02585,5G(SA),,,,,,,
405,855,5,4870848512,26.1892401,91.7015224,-98,1790411140352,7.2,1.167658,165.14128,5G(SA),,,,,,,
405,855,5,4870848512,26.1891999,91.7015319,-89,1790411145007,7.1,1.0845454,173.9291,5G(SA),,,,,,,
405,855,5,4870848512,26.1891839,91.7015078,-83,1790411150007,6.8,1.0863963,262.60342,5G(SA),,,,,,,
405,855,5,4870848512,26.1891784,91.7014204,-83,1790411154786,6.8,1.1387919,261.13635,5G(SA),,,,,,,
405,855,5,4870848512,26.189183,91.701361,-97,1790411159590,7.2,1.0803403,269.8757,5G(SA),,,,,,,
405,855,5,4870848512,26.1891856,91.7013079,-91,1790411164306,8.0,1.1543229,275.057,5G(SA),,,,,,,
405,855,5,4870848512,26.1891793,91.7012689,-86,1790411168872,8.1,1.0690624,97.03969,5G(SA),,,,,,,
405,855,5,4870848512,26.189184,91.701335,-86,1790411173587,7.2,1.098953,84.29526,5G(SA),,,,,,,
405,855,5,4870848512,26.189197,91.7013936,-91,1790411178551,6.5,1.1785014,80.979065,5G(SA),,,,,,,
405,855,5,4870848512,26.1892199,91.7014468,-92,1790411183346,7.5,1.1316905,73.89858,5G(SA),,,,,,,
405,855,5,4870848512,26.1892232,91.7014832,-95,1790411188007,8.2,1.0876238,85.11888,5G(SA),,,,,,,
405,855,5,4870848512,26.1892564,91.7015339,-95,1790411192945,9.0,1.1429623,64.46674,5G(SA),,,,,,,
405,855,5,4870848512,26.189286,91.7016024,-95,1790411197590,8.6,1.2112321,68.309326,5G(SA),,,,,,,
405,855,5,4870848512,26.1893072,91.7016577,-89,1790411202365,7.7,1.1863668,68.39303,5G(SA),,,,,,,
405,855,5,4870848512,26.1893068,91.7017106,-89,1790411207020,7.8,1.1835482,76.295006,5G(SA),,,,,,,
405,855,5,4870848512,26.1893371,91.7017515,-95,1790411211805,7.9,1.0410808,61.896217,5G(SA),,,,,,,
405,855,5,4870848512,26.1893794,91.7017391,-95,1790411216630,8.2,1.054407,332.06784,5G(SA),,,,,,,
405,855,5,4870848512,26.189425,91.7017146,-88,1790411221325,7.9,1.1566979,343.35135,5G(SA),,,,,,,
405,855,5,4870848512,26.1894775,91.7016856,-88,1790411225890,9.5,1.2064906,345.5148,5G(SA),,,,,,,
405,855,5,4870848512,26.1895139,91.7016584,-99,1790411230803,9.1,1.1777668,344.07556,5G(SA),,,,,,,
405,855,5,4870848512,26.1895263,91.7016558,-99,1790411235429,8.6,1.081359,8.216507,5G(SA),,,,,,,
405,855,5,4870848512,26.1895513,91.7016903,-104,1790411240008,9.0,1.1669438,65.79773,5G(SA),,,,,,,
405,855,5,4870848512,26.1895722,91.7017326,-104,1790411244909,7.7,1.1572667,60.898945,5G(SA),,,,,,,
405,855,5,4870848528,26.189609,91.7017582,-111,1790411249485,5.7,1.0956786,51.623077,5G(SA),,,,,,,
405,855,5,4870848528,26.1896284,91.7017895,-111,1790411254007,5.3,1.0481685,44.56447,5G(SA),,,,,,,
405,855,5,4870848512,26.1896002,91.7018364,-100,1790411259044,5.2,0.9276463,162.91298,5G(SA),,,,,,,
405,855,5,4870848512,26.1895639,91.7018281,-94,1790411264007,4.6,0.85024613,164.83754,5G(SA),,,,,,,
405,855,5,4870848512,26.1895139,91.7018326,-98,1790411268823,4.7,0.83284426,195.73615,5G(SA),,,,,,,
405,855,5,4870848512,26.189492,91.7017953,-98,1790411273647,4.6,0.93010867,258.59375,5G(SA),,,,,,,
405,855,5,4870848512,26.1894848,91.7018132,-97,1790411278452,4.1,0.97723496,81.670074,5G(SA),,,,,,,
405,855,5,4870848512,26.1894534,91.7018452,-97,1790411283028,4.1,0.86840785,174.3831,5G(SA),,,,,,,
405,855,5,4870848512,26.1894263,91.7018677,-96,1790411287624,4.6,0.8640832,114.3455,5G(SA),,,,,,,
405,855,5,4870848512,26.1893902,91.7018815,-96,1790411292229,4.7,0.7957425,160.55911,5G(SA),,,,,,,
405,855,5,4870848512,26.1893666,91.7019129,-81,1790411296745,4.8,0.8244344,122.74264,5G(SA),,,,,,,
405,855,5,4870848512,26.1893326,91.7019407,-80,1790411301828,4.4,0.9019703,162.97046,5G(SA),,,,,,,
405,855,5,4870848512,26.1892871,91.7019604,-78,1790411306793,3.7,0.8988428,167.92401,5G(SA),,,,,,,
405,855,5,4870848512,26.1892344,91.7019786,-78,1790411311527,4.1,0.96083677,190.42688,5G(SA),,,,,,,
405,855,5,4870848512,26.1891986,91.7019491,-78,1790411316630,4.4,1.0073435,240.14772,5G(SA),,,,,,,
